--
-- PostgreSQL database dump
--

-- Dumped from database version 10.12 (Ubuntu 10.12-0ubuntu0.18.04.1)
-- Dumped by pg_dump version 10.12 (Ubuntu 10.12-0ubuntu0.18.04.1)

SET statement_timeout = 0;
SET lock_timeout = 0;
SET idle_in_transaction_session_timeout = 0;
SET client_encoding = 'UTF8';
SET standard_conforming_strings = on;
SELECT pg_catalog.set_config('search_path', '', false);
SET check_function_bodies = false;
SET xmloption = content;
SET client_min_messages = warning;
SET row_security = off;

ALTER TABLE IF EXISTS ONLY public.shifts DROP CONSTRAINT IF EXISTS shifts_pk;
ALTER TABLE IF EXISTS ONLY public.employees DROP CONSTRAINT IF EXISTS employees_pk;
ALTER TABLE IF EXISTS ONLY public.departments DROP CONSTRAINT IF EXISTS departments_pk;
ALTER TABLE IF EXISTS public.shifts ALTER COLUMN "shiftId" DROP DEFAULT;
ALTER TABLE IF EXISTS public.employees ALTER COLUMN "employeeId" DROP DEFAULT;
ALTER TABLE IF EXISTS public.departments ALTER COLUMN "departmentId" DROP DEFAULT;
DROP SEQUENCE IF EXISTS public."shifts_shiftId_seq";
DROP TABLE IF EXISTS public.shifts;
DROP SEQUENCE IF EXISTS public."employees_employeeId_seq";
DROP TABLE IF EXISTS public.employees;
DROP SEQUENCE IF EXISTS public."departments_departmentId_seq";
DROP TABLE IF EXISTS public.departments;
DROP EXTENSION IF EXISTS plpgsql;
DROP SCHEMA IF EXISTS public;
--
-- Name: public; Type: SCHEMA; Schema: -; Owner: -
--

CREATE SCHEMA public;


--
-- Name: SCHEMA public; Type: COMMENT; Schema: -; Owner: -
--

COMMENT ON SCHEMA public IS 'standard public schema';


--
-- Name: plpgsql; Type: EXTENSION; Schema: -; Owner: -
--

CREATE EXTENSION IF NOT EXISTS plpgsql WITH SCHEMA pg_catalog;


--
-- Name: EXTENSION plpgsql; Type: COMMENT; Schema: -; Owner: -
--

COMMENT ON EXTENSION plpgsql IS 'PL/pgSQL procedural language';


SET default_tablespace = '';

SET default_with_oids = false;

--
-- Name: departments; Type: TABLE; Schema: public; Owner: -
--

CREATE TABLE public.departments (
    "departmentId" integer NOT NULL,
    name text NOT NULL
);


--
-- Name: departments_departmentId_seq; Type: SEQUENCE; Schema: public; Owner: -
--

CREATE SEQUENCE public."departments_departmentId_seq"
    AS integer
    START WITH 1
    INCREMENT BY 1
    NO MINVALUE
    NO MAXVALUE
    CACHE 1;


--
-- Name: departments_departmentId_seq; Type: SEQUENCE OWNED BY; Schema: public; Owner: -
--

ALTER SEQUENCE public."departments_departmentId_seq" OWNED BY public.departments."departmentId";


--
-- Name: employees; Type: TABLE; Schema: public; Owner: -
--

CREATE TABLE public.employees (
    "employeeId" integer NOT NULL,
    "firstName" text NOT NULL,
    "lastName" text NOT NULL,
    email text NOT NULL,
    phone text NOT NULL,
    street text NOT NULL,
    city text NOT NULL,
    state text NOT NULL,
    zip text NOT NULL,
    "jobTitle" text NOT NULL,
    role text NOT NULL,
    image text NOT NULL,
    wage double precision NOT NULL,
    contract text NOT NULL,
    "inductionDate" date NOT NULL,
    "startDate" date NOT NULL,
    qualifications text NOT NULL,
    "departmentId" integer NOT NULL
);


--
-- Name: employees_employeeId_seq; Type: SEQUENCE; Schema: public; Owner: -
--

CREATE SEQUENCE public."employees_employeeId_seq"
    AS integer
    START WITH 1
    INCREMENT BY 1
    NO MINVALUE
    NO MAXVALUE
    CACHE 1;


--
-- Name: employees_employeeId_seq; Type: SEQUENCE OWNED BY; Schema: public; Owner: -
--

ALTER SEQUENCE public."employees_employeeId_seq" OWNED BY public.employees."employeeId";


--
-- Name: shifts; Type: TABLE; Schema: public; Owner: -
--

CREATE TABLE public.shifts (
    "shiftId" integer NOT NULL,
    "employeeId" integer NOT NULL,
    "clockIn" timestamp with time zone NOT NULL,
    "clockOut" timestamp with time zone NOT NULL
);


--
-- Name: shifts_shiftId_seq; Type: SEQUENCE; Schema: public; Owner: -
--

CREATE SEQUENCE public."shifts_shiftId_seq"
    AS integer
    START WITH 1
    INCREMENT BY 1
    NO MINVALUE
    NO MAXVALUE
    CACHE 1;


--
-- Name: shifts_shiftId_seq; Type: SEQUENCE OWNED BY; Schema: public; Owner: -
--

ALTER SEQUENCE public."shifts_shiftId_seq" OWNED BY public.shifts."shiftId";


--
-- Name: departments departmentId; Type: DEFAULT; Schema: public; Owner: -
--

ALTER TABLE ONLY public.departments ALTER COLUMN "departmentId" SET DEFAULT nextval('public."departments_departmentId_seq"'::regclass);


--
-- Name: employees employeeId; Type: DEFAULT; Schema: public; Owner: -
--

ALTER TABLE ONLY public.employees ALTER COLUMN "employeeId" SET DEFAULT nextval('public."employees_employeeId_seq"'::regclass);


--
-- Name: shifts shiftId; Type: DEFAULT; Schema: public; Owner: -
--

ALTER TABLE ONLY public.shifts ALTER COLUMN "shiftId" SET DEFAULT nextval('public."shifts_shiftId_seq"'::regclass);


--
-- Data for Name: departments; Type: TABLE DATA; Schema: public; Owner: -
--

COPY public.departments ("departmentId", name) FROM stdin;
1	Marketing
2	Management
3	Production
4	R&D
5	Finance
6	IT
\.


--
-- Data for Name: employees; Type: TABLE DATA; Schema: public; Owner: -
--

COPY public.employees ("employeeId", "firstName", "lastName", email, phone, street, city, state, zip, "jobTitle", role, image, wage, contract, "inductionDate", "startDate", qualifications, "departmentId") FROM stdin;
1	Ron	Swanson	ronswanson05@gmail.com	390-221-6530	1278 Cherry Ave	Santa Barbara	CA	93219	Sales Representative	Employee	/images/ron-swanson.jpg	64	Full-time	2002-02-14	2002-02-21	Bachelors - History	1
3	Roseanne	Carter (ADMIN)	rosecarter@gmail.com	714-203-5200	2426 Brown Street	Walnut Creek	CA	94596	Human Resources	Admin	/images/rose-carter.jpg	40	Full-time	2007-04-02	2007-04-10	Masters - Human Resources	2
4	David	Phillips	davidphillips5@gmail.com	530-302-9499	577 Woodland Terrace	Sacramento	CA	95814	IT	Employee	/images/david-phillips.jpg	35	Part-time	2020-10-02	2020-10-10	Bachelors - Information Technology	6
5	Richard	Lemire	rlemire@gmail.com	210-214-5003	674 Ash Street	Dallas	TX	75202	Engineer	Employee	/images/richard-lemire.jpg	40	Full-time	2015-05-02	2015-05-25	FE, Bachelors - Industrial Engineering	3
6	Tami	Derringer	tamiderr@yahoo.com	714-404-9918	4192 Creekside Lane	Los Angeles	CA	90017	Purchasing Coordinator	Employee	/images/tami-derringer.jpg	22	Full-time	2018-07-10	2018-07-17	GED, Associates - Business	5
7	Keith	Black	keithblack9@gmail.com	207-415-6451	270 Gateway Road	Portland	OR	97214	Sales Representative	Employee	/images/keith-black.jpg	30	Full-time	2012-05-06	2012-05-17	Bachelors - Marketing	1
8	Matthew	McCraney	mattmccraney@gmail.com	559-643-3941	3921 Edgewood Avenue	Fresno	CA	93702	Receptionist	Employee	/images/matt-mccraney.jpg	16	Part-time	2019-01-20	2019-01-28	GED	5
9	Amy	Colbert	amycolbert22@yahoo.com	650-534-6808	2697 Haul Road	San Bruno	CA	94066	Marketing Manager	Employee	/images/amy-colbert.jpg	35	Full-time	2013-02-24	2013-03-04	Masters - Business	1
10	Daniel	Baltazar	danielbaltazar01@gmail.com	808-643-6591	2046 Wood Creek 	Los Angeles	CA	90812	Senior Engineer	Employee	/images/daniel-baltazar.jpg	25	Full-time	2017-06-13	2017-06-21	Bachelors - Information Technology	3
11	Mil	Lee	leemil@gmail.com	123-639-7721	4620 CarFax	Irvine 	CA	92412	Sales Manager	Employee	/images/mil-lee.jpg	26	Full-time	2005-12-01	2005-12-08	Masters - Business	1
13	Bran	Stark	branstark@yahoo.com	310-669-4389	3145 Castle Road	Long Beach	CA	90815	Research and Development	Employee	/images/bran-stark.jpg	47	Part-time	2001-09-05	2001-09-14	Masers - Biology	4
26	1	1	1	1	1	1	KS	1	1	Admin	/uploads/avatar-1602145382013.jpg	1	Full-Time	0001-01-01	0001-01-01	1	1
27	1	1	1	1	1	1	KS	1	1	Admin	/uploads/avatar-1602145382900.jpg	1	Full-Time	0001-01-01	0001-01-01	1	1
28	1	1	1	1	1	1	KS	1	1	Admin	/uploads/avatar-1602145384125.jpg	1	Full-Time	0001-01-01	0001-01-01	1	1
30	1	1	1	1	1	1	KS	1	1	Admin	/uploads/avatar-1602145385402.jpg	1	Full-Time	0001-01-01	0001-01-01	1	1
31	1	1	1	1	1	1	KS	1	1	Admin	/uploads/avatar-1602145386419.jpg	1	Full-Time	0001-01-01	0001-01-01	1	1
\.


--
-- Data for Name: shifts; Type: TABLE DATA; Schema: public; Owner: -
--

COPY public.shifts ("shiftId", "employeeId", "clockIn", "clockOut") FROM stdin;
1	1	2020-10-06 07:47:00-07	2020-10-06 17:36:00-07
2	1	2020-10-07 07:47:00-07	2020-10-07 17:36:00-07
3	1	2020-10-08 07:47:00-07	2020-10-08 17:36:00-07
4	1	2020-10-09 07:47:00-07	2020-10-09 17:36:00-07
5	1	2020-10-10 07:47:00-07	2020-10-10 17:36:00-07
6	1	2020-10-11 07:47:00-07	2020-10-11 17:36:00-07
7	1	2020-10-12 07:47:00-07	2020-10-12 17:36:00-07
8	1	2020-10-13 07:47:00-07	2020-10-13 17:36:00-07
9	1	2020-10-14 07:47:00-07	2020-10-14 17:36:00-07
10	1	2020-10-15 07:47:00-07	2020-10-15 17:36:00-07
11	1	2020-10-16 07:47:00-07	2020-10-16 17:36:00-07
12	1	2020-10-17 07:47:00-07	2020-10-17 17:36:00-07
13	1	2020-10-18 07:47:00-07	2020-10-18 17:36:00-07
14	1	2020-10-19 07:47:00-07	2020-10-19 17:36:00-07
15	1	2020-10-20 07:47:00-07	2020-10-20 17:36:00-07
16	2	2020-10-06 07:47:00-07	2020-10-06 17:36:00-07
17	2	2020-10-07 07:47:00-07	2020-10-07 17:36:00-07
18	2	2020-10-08 07:47:00-07	2020-10-08 17:36:00-07
19	2	2020-10-09 07:47:00-07	2020-10-09 17:36:00-07
20	2	2020-10-10 07:47:00-07	2020-10-10 17:36:00-07
21	2	2020-10-11 07:47:00-07	2020-10-11 17:36:00-07
22	2	2020-10-12 07:47:00-07	2020-10-12 17:36:00-07
23	2	2020-10-13 07:47:00-07	2020-10-13 17:36:00-07
24	2	2020-10-14 07:47:00-07	2020-10-14 17:36:00-07
25	2	2020-10-15 07:47:00-07	2020-10-15 17:36:00-07
26	2	2020-10-16 07:47:00-07	2020-10-16 17:36:00-07
27	2	2020-10-17 07:47:00-07	2020-10-17 17:36:00-07
28	2	2020-10-18 07:47:00-07	2020-10-18 17:36:00-07
29	2	2020-10-19 07:47:00-07	2020-10-19 17:36:00-07
30	2	2020-10-20 07:47:00-07	2020-10-20 17:36:00-07
31	3	2020-10-06 07:47:00-07	2020-10-06 17:36:00-07
32	3	2020-10-07 07:47:00-07	2020-10-07 17:36:00-07
33	3	2020-10-08 07:47:00-07	2020-10-08 17:36:00-07
34	3	2020-10-09 07:47:00-07	2020-10-09 17:36:00-07
35	3	2020-10-10 07:47:00-07	2020-10-10 17:36:00-07
36	3	2020-10-11 07:47:00-07	2020-10-11 17:36:00-07
37	3	2020-10-12 07:47:00-07	2020-10-12 17:36:00-07
38	3	2020-10-13 07:47:00-07	2020-10-13 17:36:00-07
39	3	2020-10-14 07:47:00-07	2020-10-14 17:36:00-07
40	3	2020-10-15 07:47:00-07	2020-10-15 17:36:00-07
41	3	2020-10-16 07:47:00-07	2020-10-16 17:36:00-07
42	3	2020-10-17 07:47:00-07	2020-10-17 17:36:00-07
43	3	2020-10-18 07:47:00-07	2020-10-18 17:36:00-07
44	3	2020-10-19 07:47:00-07	2020-10-19 17:36:00-07
45	3	2020-10-20 07:47:00-07	2020-10-20 17:36:00-07
46	4	2020-10-06 07:47:00-07	2020-10-06 17:36:00-07
47	4	2020-10-07 07:47:00-07	2020-10-07 17:36:00-07
48	4	2020-10-08 07:47:00-07	2020-10-08 17:36:00-07
49	4	2020-10-09 07:47:00-07	2020-10-09 17:36:00-07
50	4	2020-10-10 07:47:00-07	2020-10-10 17:36:00-07
51	4	2020-10-11 07:47:00-07	2020-10-11 17:36:00-07
52	4	2020-10-12 07:47:00-07	2020-10-12 17:36:00-07
53	4	2020-10-13 07:47:00-07	2020-10-13 17:36:00-07
54	4	2020-10-14 07:47:00-07	2020-10-14 17:36:00-07
55	4	2020-10-15 07:47:00-07	2020-10-15 17:36:00-07
56	4	2020-10-16 07:47:00-07	2020-10-16 17:36:00-07
57	4	2020-10-17 07:47:00-07	2020-10-17 17:36:00-07
58	4	2020-10-18 07:47:00-07	2020-10-18 17:36:00-07
59	4	2020-10-19 07:47:00-07	2020-10-19 17:36:00-07
60	4	2020-10-20 07:47:00-07	2020-10-20 17:36:00-07
61	5	2020-10-06 07:47:00-07	2020-10-06 17:36:00-07
62	5	2020-10-07 07:47:00-07	2020-10-07 17:36:00-07
63	5	2020-10-08 07:47:00-07	2020-10-08 17:36:00-07
64	5	2020-10-09 07:47:00-07	2020-10-09 17:36:00-07
65	5	2020-10-10 07:47:00-07	2020-10-10 17:36:00-07
66	5	2020-10-11 07:47:00-07	2020-10-11 17:36:00-07
67	5	2020-10-12 07:47:00-07	2020-10-12 17:36:00-07
68	5	2020-10-13 07:47:00-07	2020-10-13 17:36:00-07
69	5	2020-10-14 07:47:00-07	2020-10-14 17:36:00-07
70	5	2020-10-15 07:47:00-07	2020-10-15 17:36:00-07
71	5	2020-10-16 07:47:00-07	2020-10-16 17:36:00-07
72	5	2020-10-17 07:47:00-07	2020-10-17 17:36:00-07
73	5	2020-10-18 07:47:00-07	2020-10-18 17:36:00-07
74	5	2020-10-19 07:47:00-07	2020-10-19 17:36:00-07
75	5	2020-10-20 07:47:00-07	2020-10-20 17:36:00-07
76	6	2020-10-06 07:47:00-07	2020-10-06 17:36:00-07
77	6	2020-10-07 07:47:00-07	2020-10-07 17:36:00-07
78	6	2020-10-08 07:47:00-07	2020-10-08 17:36:00-07
79	6	2020-10-09 07:47:00-07	2020-10-09 17:36:00-07
80	6	2020-10-10 07:47:00-07	2020-10-10 17:36:00-07
81	6	2020-10-11 07:47:00-07	2020-10-11 17:36:00-07
82	6	2020-10-12 07:47:00-07	2020-10-12 17:36:00-07
83	6	2020-10-13 07:47:00-07	2020-10-13 17:36:00-07
84	6	2020-10-14 07:47:00-07	2020-10-14 17:36:00-07
85	6	2020-10-15 07:47:00-07	2020-10-15 17:36:00-07
86	6	2020-10-16 07:47:00-07	2020-10-16 17:36:00-07
87	6	2020-10-17 07:47:00-07	2020-10-17 17:36:00-07
88	6	2020-10-18 07:47:00-07	2020-10-18 17:36:00-07
89	6	2020-10-19 07:47:00-07	2020-10-19 17:36:00-07
90	6	2020-10-20 07:47:00-07	2020-10-20 17:36:00-07
91	7	2020-10-06 07:47:00-07	2020-10-06 17:36:00-07
92	7	2020-10-07 07:47:00-07	2020-10-07 17:36:00-07
93	7	2020-10-08 07:47:00-07	2020-10-08 17:36:00-07
94	7	2020-10-09 07:47:00-07	2020-10-09 17:36:00-07
95	7	2020-10-10 07:47:00-07	2020-10-10 17:36:00-07
96	7	2020-10-11 07:47:00-07	2020-10-11 17:36:00-07
97	7	2020-10-12 07:47:00-07	2020-10-12 17:36:00-07
98	7	2020-10-13 07:47:00-07	2020-10-13 17:36:00-07
99	7	2020-10-14 07:47:00-07	2020-10-14 17:36:00-07
100	7	2020-10-15 07:47:00-07	2020-10-15 17:36:00-07
101	7	2020-10-16 07:47:00-07	2020-10-16 17:36:00-07
102	7	2020-10-17 07:47:00-07	2020-10-17 17:36:00-07
103	7	2020-10-18 07:47:00-07	2020-10-18 17:36:00-07
104	7	2020-10-19 07:47:00-07	2020-10-19 17:36:00-07
105	7	2020-10-20 07:47:00-07	2020-10-20 17:36:00-07
106	8	2020-10-06 07:47:00-07	2020-10-06 17:36:00-07
107	8	2020-10-07 07:47:00-07	2020-10-07 17:36:00-07
108	8	2020-10-08 07:47:00-07	2020-10-08 17:36:00-07
109	8	2020-10-09 07:47:00-07	2020-10-09 17:36:00-07
110	8	2020-10-10 07:47:00-07	2020-10-10 17:36:00-07
111	8	2020-10-11 07:47:00-07	2020-10-11 17:36:00-07
112	8	2020-10-12 07:47:00-07	2020-10-12 17:36:00-07
113	8	2020-10-13 07:47:00-07	2020-10-13 17:36:00-07
114	8	2020-10-14 07:47:00-07	2020-10-14 17:36:00-07
115	8	2020-10-15 07:47:00-07	2020-10-15 17:36:00-07
116	8	2020-10-16 07:47:00-07	2020-10-16 17:36:00-07
117	8	2020-10-17 07:47:00-07	2020-10-17 17:36:00-07
118	8	2020-10-18 07:47:00-07	2020-10-18 17:36:00-07
119	8	2020-10-19 07:47:00-07	2020-10-19 17:36:00-07
120	8	2020-10-20 07:47:00-07	2020-10-20 17:36:00-07
121	9	2020-10-06 07:47:00-07	2020-10-06 17:36:00-07
122	9	2020-10-07 07:47:00-07	2020-10-07 17:36:00-07
123	9	2020-10-08 07:47:00-07	2020-10-08 17:36:00-07
124	9	2020-10-09 07:47:00-07	2020-10-09 17:36:00-07
125	9	2020-10-10 07:47:00-07	2020-10-10 17:36:00-07
126	9	2020-10-11 07:47:00-07	2020-10-11 17:36:00-07
127	9	2020-10-12 07:47:00-07	2020-10-12 17:36:00-07
128	9	2020-10-13 07:47:00-07	2020-10-13 17:36:00-07
129	9	2020-10-14 07:47:00-07	2020-10-14 17:36:00-07
130	9	2020-10-15 07:47:00-07	2020-10-15 17:36:00-07
131	9	2020-10-16 07:47:00-07	2020-10-16 17:36:00-07
132	9	2020-10-17 07:47:00-07	2020-10-17 17:36:00-07
133	9	2020-10-18 07:47:00-07	2020-10-18 17:36:00-07
134	9	2020-10-19 07:47:00-07	2020-10-19 17:36:00-07
135	9	2020-10-20 07:47:00-07	2020-10-20 17:36:00-07
136	10	2020-10-06 07:47:00-07	2020-10-06 17:36:00-07
137	10	2020-10-07 07:47:00-07	2020-10-07 17:36:00-07
138	10	2020-10-08 07:47:00-07	2020-10-08 17:36:00-07
139	10	2020-10-09 07:47:00-07	2020-10-09 17:36:00-07
140	10	2020-10-10 07:47:00-07	2020-10-10 17:36:00-07
141	10	2020-10-11 07:47:00-07	2020-10-11 17:36:00-07
142	10	2020-10-12 07:47:00-07	2020-10-12 17:36:00-07
143	10	2020-10-13 07:47:00-07	2020-10-13 17:36:00-07
144	10	2020-10-14 07:47:00-07	2020-10-14 17:36:00-07
145	10	2020-10-15 07:47:00-07	2020-10-15 17:36:00-07
146	10	2020-10-16 07:47:00-07	2020-10-16 17:36:00-07
147	10	2020-10-17 07:47:00-07	2020-10-17 17:36:00-07
148	10	2020-10-18 07:47:00-07	2020-10-18 17:36:00-07
149	10	2020-10-19 07:47:00-07	2020-10-19 17:36:00-07
150	10	2020-10-20 07:47:00-07	2020-10-20 17:36:00-07
151	11	2020-10-06 07:47:00-07	2020-10-06 17:36:00-07
152	11	2020-10-07 07:47:00-07	2020-10-07 17:36:00-07
153	11	2020-10-08 07:47:00-07	2020-10-08 17:36:00-07
154	11	2020-10-09 07:47:00-07	2020-10-09 17:36:00-07
155	11	2020-10-10 07:47:00-07	2020-10-10 17:36:00-07
156	11	2020-10-11 07:47:00-07	2020-10-11 17:36:00-07
157	11	2020-10-12 07:47:00-07	2020-10-12 17:36:00-07
158	11	2020-10-13 07:47:00-07	2020-10-13 17:36:00-07
159	11	2020-10-14 07:47:00-07	2020-10-14 17:36:00-07
160	11	2020-10-15 07:47:00-07	2020-10-15 17:36:00-07
161	11	2020-10-16 07:47:00-07	2020-10-16 17:36:00-07
162	11	2020-10-17 07:47:00-07	2020-10-17 17:36:00-07
163	11	2020-10-18 07:47:00-07	2020-10-18 17:36:00-07
164	11	2020-10-19 07:47:00-07	2020-10-19 17:36:00-07
165	11	2020-10-20 07:47:00-07	2020-10-20 17:36:00-07
166	12	2020-10-06 07:47:00-07	2020-10-06 17:36:00-07
167	12	2020-10-07 07:47:00-07	2020-10-07 17:36:00-07
168	12	2020-10-08 07:47:00-07	2020-10-08 17:36:00-07
169	12	2020-10-09 07:47:00-07	2020-10-09 17:36:00-07
170	12	2020-10-10 07:47:00-07	2020-10-10 17:36:00-07
171	12	2020-10-11 07:47:00-07	2020-10-11 17:36:00-07
172	12	2020-10-12 07:47:00-07	2020-10-12 17:36:00-07
173	12	2020-10-13 07:47:00-07	2020-10-13 17:36:00-07
174	12	2020-10-14 07:47:00-07	2020-10-14 17:36:00-07
175	12	2020-10-15 07:47:00-07	2020-10-15 17:36:00-07
176	12	2020-10-16 07:47:00-07	2020-10-16 17:36:00-07
177	12	2020-10-17 07:47:00-07	2020-10-17 17:36:00-07
178	12	2020-10-18 07:47:00-07	2020-10-18 17:36:00-07
179	12	2020-10-19 07:47:00-07	2020-10-19 17:36:00-07
180	12	2020-10-20 07:47:00-07	2020-10-20 17:36:00-07
181	13	2020-10-06 07:47:00-07	2020-10-06 17:36:00-07
182	13	2020-10-07 07:47:00-07	2020-10-07 17:36:00-07
183	13	2020-10-08 07:47:00-07	2020-10-08 17:36:00-07
184	13	2020-10-09 07:47:00-07	2020-10-09 17:36:00-07
185	13	2020-10-10 07:47:00-07	2020-10-10 17:36:00-07
186	13	2020-10-11 07:47:00-07	2020-10-11 17:36:00-07
187	13	2020-10-12 07:47:00-07	2020-10-12 17:36:00-07
188	13	2020-10-13 07:47:00-07	2020-10-13 17:36:00-07
189	13	2020-10-14 07:47:00-07	2020-10-14 17:36:00-07
190	13	2020-10-15 07:47:00-07	2020-10-15 17:36:00-07
191	13	2020-10-16 07:47:00-07	2020-10-16 17:36:00-07
192	13	2020-10-17 07:47:00-07	2020-10-17 17:36:00-07
193	13	2020-10-18 07:47:00-07	2020-10-18 17:36:00-07
194	13	2020-10-19 07:47:00-07	2020-10-19 17:36:00-07
195	13	2020-10-20 07:47:00-07	2020-10-20 17:36:00-07
196	14	2020-10-06 07:47:00-07	2020-10-06 17:36:00-07
197	14	2020-10-07 07:47:00-07	2020-10-07 17:36:00-07
198	14	2020-10-08 07:47:00-07	2020-10-08 17:36:00-07
199	14	2020-10-09 07:47:00-07	2020-10-09 17:36:00-07
200	14	2020-10-10 07:47:00-07	2020-10-10 17:36:00-07
201	14	2020-10-11 07:47:00-07	2020-10-11 17:36:00-07
202	14	2020-10-12 07:47:00-07	2020-10-12 17:36:00-07
203	14	2020-10-13 07:47:00-07	2020-10-13 17:36:00-07
204	14	2020-10-14 07:47:00-07	2020-10-14 17:36:00-07
205	14	2020-10-15 07:47:00-07	2020-10-15 17:36:00-07
206	14	2020-10-16 07:47:00-07	2020-10-16 17:36:00-07
207	14	2020-10-17 07:47:00-07	2020-10-17 17:36:00-07
208	14	2020-10-18 07:47:00-07	2020-10-18 17:36:00-07
209	14	2020-10-19 07:47:00-07	2020-10-19 17:36:00-07
210	14	2020-10-20 07:47:00-07	2020-10-20 17:36:00-07
211	15	2020-10-06 07:47:00-07	2020-10-06 17:36:00-07
212	15	2020-10-07 07:47:00-07	2020-10-07 17:36:00-07
213	15	2020-10-08 07:47:00-07	2020-10-08 17:36:00-07
214	15	2020-10-09 07:47:00-07	2020-10-09 17:36:00-07
215	15	2020-10-10 07:47:00-07	2020-10-10 17:36:00-07
216	15	2020-10-11 07:47:00-07	2020-10-11 17:36:00-07
217	15	2020-10-12 07:47:00-07	2020-10-12 17:36:00-07
218	15	2020-10-13 07:47:00-07	2020-10-13 17:36:00-07
219	15	2020-10-14 07:47:00-07	2020-10-14 17:36:00-07
220	15	2020-10-15 07:47:00-07	2020-10-15 17:36:00-07
221	15	2020-10-16 07:47:00-07	2020-10-16 17:36:00-07
222	15	2020-10-17 07:47:00-07	2020-10-17 17:36:00-07
223	15	2020-10-18 07:47:00-07	2020-10-18 17:36:00-07
224	15	2020-10-19 07:47:00-07	2020-10-19 17:36:00-07
225	15	2020-10-20 07:47:00-07	2020-10-20 17:36:00-07
\.


--
-- Name: departments_departmentId_seq; Type: SEQUENCE SET; Schema: public; Owner: -
--

SELECT pg_catalog.setval('public."departments_departmentId_seq"', 1, false);


--
-- Name: employees_employeeId_seq; Type: SEQUENCE SET; Schema: public; Owner: -
--

SELECT pg_catalog.setval('public."employees_employeeId_seq"', 34, true);


--
-- Name: shifts_shiftId_seq; Type: SEQUENCE SET; Schema: public; Owner: -
--

SELECT pg_catalog.setval('public."shifts_shiftId_seq"', 226, false);


--
-- Name: departments departments_pk; Type: CONSTRAINT; Schema: public; Owner: -
--

ALTER TABLE ONLY public.departments
    ADD CONSTRAINT departments_pk PRIMARY KEY ("departmentId");


--
-- Name: employees employees_pk; Type: CONSTRAINT; Schema: public; Owner: -
--

ALTER TABLE ONLY public.employees
    ADD CONSTRAINT employees_pk PRIMARY KEY ("employeeId");


--
-- Name: shifts shifts_pk; Type: CONSTRAINT; Schema: public; Owner: -
--

ALTER TABLE ONLY public.shifts
    ADD CONSTRAINT shifts_pk PRIMARY KEY ("shiftId");


--
-- Name: SCHEMA public; Type: ACL; Schema: -; Owner: -
--

GRANT ALL ON SCHEMA public TO PUBLIC;


--
-- PostgreSQL database dump complete
--

